<meta>
  <script src="Slipe/Core/Lua/SystemComponents/Core.lua" type="shared" />
  <script src="Slipe/Core/Lua/SystemComponents/Interfaces.lua" type="shared" />
  <script src="Slipe/Core/Lua/SystemComponents/Exception.lua" type="shared" />
  <script src="Slipe/Core/Lua/SystemComponents/Number.lua" type="shared" />
  <script src="Slipe/Core/Lua/SystemComponents/Char.lua" type="shared" />
  <script src="Slipe/Core/Lua/SystemComponents/String.lua" type="shared" />
  <script src="Slipe/Core/Lua/SystemComponents/Boolean.lua" type="shared" />
  <script src="Slipe/Core/Lua/SystemComponents/Delegate.lua" type="shared" />
  <script src="Slipe/Core/Lua/SystemComponents/Enum.lua" type="shared" />
  <script src="Slipe/Core/Lua/SystemComponents/TimeSpan.lua" type="shared" />
  <script src="Slipe/Core/Lua/SystemComponents/DateTime.lua" type="shared" />
  <script src="Slipe/Core/Lua/SystemComponents/Collections/EqualityComparer.lua" type="shared" />
  <script src="Slipe/Core/Lua/SystemComponents/Array.lua" type="shared" />
  <script src="Slipe/Core/Lua/SystemComponents/Type.lua" type="shared" />
  <script src="Slipe/Core/Lua/SystemComponents/ArraySegment.lua" type="shared" />
  <script src="Slipe/Core/Lua/SystemComponents/Collections/List.lua" type="shared" />
  <script src="Slipe/Core/Lua/SystemComponents/Collections/Dictionary.lua" type="shared" />
  <script src="Slipe/Core/Lua/SystemComponents/Collections/Queue.lua" type="shared" />
  <script src="Slipe/Core/Lua/SystemComponents/Collections/Stack.lua" type="shared" />
  <script src="Slipe/Core/Lua/SystemComponents/Collections/HashSet.lua" type="shared" />
  <script src="Slipe/Core/Lua/SystemComponents/Collections/LinkedList.lua" type="shared" />
  <script src="Slipe/Core/Lua/SystemComponents/Collections/Linq.lua" type="shared" />
  <script src="Slipe/Core/Lua/SystemComponents/Convert.lua" type="shared" />
  <script src="Slipe/Core/Lua/SystemComponents/Math.lua" type="shared" />
  <script src="Slipe/Core/Lua/SystemComponents/Random.lua" type="shared" />
  <script src="Slipe/Core/Lua/SystemComponents/Text/StringBuilder.lua" type="shared" />
  <script src="Slipe/Core/Lua/SystemComponents/Console.lua" type="shared" />
  <script src="Slipe/Core/Lua/SystemComponents/Debug.lua" type="shared" />
  <script src="Slipe/Core/Lua/SystemComponents/IO/File.lua" type="shared" />
  <script src="Slipe/Core/Lua/SystemComponents/Reflection/Assembly.lua" type="shared" />
  <script src="Slipe/Core/Lua/SystemComponents/Threads/Timer.lua" type="shared" />
  <script src="Slipe/Core/Lua/SystemComponents/Threads/Thread.lua" type="shared" />
  <script src="Slipe/Core/Lua/SystemComponents/Threads/Task.lua" type="shared" />
  <script src="Slipe/Core/Lua/SystemComponents/Utilities.lua" type="shared" />
  <script src="Slipe/Core/Lua/SystemComponents/SystemExtensions.lua" type="shared" />
  <script src="Slipe/Core/Lua/SystemComponents/Numerics/HashCodeHelper.lua" type="shared" />
  <script src="Slipe/Core/Lua/SystemComponents/Numerics/Complex.lua" type="shared" />
  <script src="Slipe/Core/Lua/SystemComponents/Numerics/Matrix3x2.lua" type="shared" />
  <script src="Slipe/Core/Lua/SystemComponents/Numerics/Matrix4x4.lua" type="shared" />
  <script src="Slipe/Core/Lua/SystemComponents/Numerics/Plane.lua" type="shared" />
  <script src="Slipe/Core/Lua/SystemComponents/Numerics/Quaternion.lua" type="shared" />
  <script src="Slipe/Core/Lua/SystemComponents/Numerics/Vector2.lua" type="shared" />
  <script src="Slipe/Core/Lua/SystemComponents/Numerics/Vector3.lua" type="shared" />
  <script src="Slipe/Core/Lua/SystemComponents/Numerics/Vector4.lua" type="shared" />
  <script src="Slipe/Core/Lua/SystemComponents/Component.lua" type="shared" />
  <script src="Slipe/Core/Lua/SystemComponents/Timers/ElapsedEventArgs.lua" type="shared" />
  <script src="Slipe/Core/Lua/SystemComponents/Timers/Timer.lua" type="shared" />
  <script src="Slipe/Core/Lua/SystemComponents/Net/Http/HttpContent.lua" type="shared" />
  <script src="Slipe/Core/Lua/SystemComponents/Net/Http/StringContent.lua" type="shared" />
  <script src="Slipe/Core/Lua/SystemComponents/Net/Http/FormUrlEncodedContent.lua" type="shared" />
  <script src="Slipe/Core/Lua/SystemComponents/Net/Http/HttpResponseMessage.lua" type="shared" />
  <script src="Slipe/Core/Lua/SystemComponents/Net/Http/HttpClient.lua" type="shared" />
  <script src="Slipe/Core/Lua/SystemComponents/Xml/XmlNodeList.lua" type="shared" />
  <script src="Slipe/Core/Lua/SystemComponents/Xml/XmlNode.lua" type="shared" />
  <script src="Slipe/Core/Lua/SystemComponents/Xml/XmlAttribute.lua" type="shared" />
  <script src="Slipe/Core/Lua/SystemComponents/Xml/XmlAttributeCollection.lua" type="shared" />
  <script src="Slipe/Core/Lua/SystemComponents/Xml/XmlElement.lua" type="shared" />
  <script src="Slipe/Core/Lua/SystemComponents/Xml/XmlDocument.lua" type="shared" />
  <script src="Slipe/Core/Lua/SystemComponents/Text/Encoding.lua" type="shared" />
  <script src="Slipe/Core/Lua/SystemComponents/Net/IPAddress.lua" type="shared" />
  <script src="Slipe/Core/Lua/SystemComponents/Net/EndPoint.lua" type="shared" />
  <script src="Slipe/Core/Lua/SystemComponents/Net/Sockets/Socket.lua" type="shared" />
  <script src="Slipe/Core/Lua/Backing/SlipeMTADfinitions/shared.lua" type="shared" />
  <script src="Slipe/Core/Lua/Backing/SlipeMTADfinitions/server.lua" type="shared" />
  <script src="Slipe/Core/Lua/Backing/SlipeMTADfinitions/client.lua" type="shared" />
  <script src="Slipe/Core/Lua/Backing/SlipeMTADfinitions/events.lua" type="shared" />
  <script src="Slipe/Core/Lua/Backing/SlipeMTADfinitions/json.lua" type="shared" />
  <script src="Slipe/Core/Lua/Backing/SlipeMTADfinitions/exports.lua" type="shared" />
  <script src="Slipe/Core/Lua/Backing/SlipeSql/SqlValue.lua" type="shared" />
  <script src="Slipe/Core/Lua/Backing/SlipeSql/SqlOptions.lua" type="shared" />
  <script src="Slipe/Core/Lua/Backing/SlipeSql/MySqlConnectionString.lua" type="shared" />
  <script src="Slipe/Core/Lua/Backing/SlipeSql/Database.lua" type="shared" />
  <file src="Slipe/Core/Lua/Compiled/Server/manifest.lua" />
  <script src="Slipe/Core/Lua/Compiled/Server/Source/SlipeServer/Accounts/Account.lua" type="server" />
  <script src="Slipe/Core/Lua/Compiled/Server/Source/SlipeServer/Accounts/AccountException.lua" type="server" />
  <script src="Slipe/Core/Lua/Compiled/Server/Source/SlipeServer/Accounts/Ban.lua" type="server" />
  <script src="Slipe/Core/Lua/Compiled/Server/Source/SlipeServer/Acl/AclEntry.lua" type="server" />
  <script src="Slipe/Core/Lua/Compiled/Server/Source/SlipeServer/Acl/AclFile.lua" type="server" />
  <script src="Slipe/Core/Lua/Compiled/Server/Source/SlipeServer/Acl/AclGroup.lua" type="server" />
  <script src="Slipe/Core/Lua/Compiled/Server/Source/SlipeServer/Acl/AclRequest.lua" type="server" />
  <script src="Slipe/Core/Lua/Compiled/Server/Source/SlipeServer/Acl/AclRightEnum.lua" type="server" />
  <script src="Slipe/Core/Lua/Compiled/Server/Source/SlipeServer/Acl/IAclObject.lua" type="server" />
  <script src="Slipe/Core/Lua/Compiled/Server/Source/SlipeServer/Displays/Display.lua" type="server" />
  <script src="Slipe/Core/Lua/Compiled/Server/Source/SlipeServer/Displays/DisplayEnums.lua" type="server" />
  <script src="Slipe/Core/Lua/Compiled/Server/Source/SlipeServer/Displays/Item.lua" type="server" />
  <script src="Slipe/Core/Lua/Compiled/Server/Source/SlipeServer/Elements/ElementExtensions.lua" type="server" />
  <script src="Slipe/Core/Lua/Compiled/Server/Source/SlipeServer/Elements/ResourceRootElement.lua" type="server" />
  <script src="Slipe/Core/Lua/Compiled/Server/Source/SlipeServer/Elements/RootElement.lua" type="server" />
  <script src="Slipe/Core/Lua/Compiled/Server/Source/SlipeServer/Events/Event.lua" type="server" />
  <script src="Slipe/Core/Lua/Compiled/Server/Source/SlipeServer/Explosions/Explosion.lua" type="server" />
  <script src="Slipe/Core/Lua/Compiled/Server/Source/SlipeServer/Game/BandwidthReduction.lua" type="server" />
  <script src="Slipe/Core/Lua/Compiled/Server/Source/SlipeServer/Game/Config.lua" type="server" />
  <script src="Slipe/Core/Lua/Compiled/Server/Source/SlipeServer/Game/GameServer.lua" type="server" />
  <script src="Slipe/Core/Lua/Compiled/Server/Source/SlipeServer/Game/Glitch.lua" type="server" />
  <script src="Slipe/Core/Lua/Compiled/Server/Source/SlipeServer/Game/Team.lua" type="server" />
  <script src="Slipe/Core/Lua/Compiled/Server/Source/SlipeServer/GameWorld/Garage.lua" type="server" />
  <script src="Slipe/Core/Lua/Compiled/Server/Source/SlipeServer/GameWorld/Water.lua" type="server" />
  <script src="Slipe/Core/Lua/Compiled/Server/Source/SlipeServer/GameWorld/World.lua" type="server" />
  <script src="Slipe/Core/Lua/Compiled/Server/Source/SlipeServer/GameWorld/WorldObject.lua" type="server" />
  <script src="Slipe/Core/Lua/Compiled/Server/Source/SlipeServer/IO/ChatBox.lua" type="server" />
  <script src="Slipe/Core/Lua/Compiled/Server/Source/SlipeServer/IO/CommandHandler.lua" type="server" />
  <script src="Slipe/Core/Lua/Compiled/Server/Source/SlipeServer/IO/MTAConsole.lua" type="server" />
  <script src="Slipe/Core/Lua/Compiled/Server/Source/SlipeServer/IO/MTADebug.lua" type="server" />
  <script src="Slipe/Core/Lua/Compiled/Server/Source/SlipeServer/IO/ServerLog.lua" type="server" />
  <script src="Slipe/Core/Lua/Compiled/Server/Source/SlipeServer/Markers/Marker.lua" type="server" />
  <script src="Slipe/Core/Lua/Compiled/Server/Source/SlipeServer/Peds/Ped.lua" type="server" />
  <script src="Slipe/Core/Lua/Compiled/Server/Source/SlipeServer/Peds/Player.lua" type="server" />
  <script src="Slipe/Core/Lua/Compiled/Server/Source/SlipeServer/Pickups/Pickup.lua" type="server" />
  <script src="Slipe/Core/Lua/Compiled/Server/Source/SlipeServer/Radar/Blip.lua" type="server" />
  <script src="Slipe/Core/Lua/Compiled/Server/Source/SlipeServer/Radar/RadarArea.lua" type="server" />
  <script src="Slipe/Core/Lua/Compiled/Server/Source/SlipeServer/Rendering/Camera.lua" type="server" />
  <script src="Slipe/Core/Lua/Compiled/Server/Source/SlipeServer/Resources/Resource.lua" type="server" />
  <script src="Slipe/Core/Lua/Compiled/Server/Source/SlipeServer/Rpc/RpcManager.lua" type="server" />
  <script src="Slipe/Core/Lua/Compiled/Server/Source/SlipeServer/Vehicles/BaseVehicle.lua" type="server" />
  <script src="Slipe/Core/Lua/Compiled/Server/Source/SlipeServer/Vehicles/Boat.lua" type="server" />
  <script src="Slipe/Core/Lua/Compiled/Server/Source/SlipeServer/Vehicles/Helicopter.lua" type="server" />
  <script src="Slipe/Core/Lua/Compiled/Server/Source/SlipeServer/Vehicles/ModelHandling.lua" type="server" />
  <script src="Slipe/Core/Lua/Compiled/Server/Source/SlipeServer/Vehicles/Plane.lua" type="server" />
  <script src="Slipe/Core/Lua/Compiled/Server/Source/SlipeServer/Vehicles/Sirens.lua" type="server" />
  <script src="Slipe/Core/Lua/Compiled/Server/Source/SlipeServer/Vehicles/Taxi.lua" type="server" />
  <script src="Slipe/Core/Lua/Compiled/Server/Source/SlipeServer/Vehicles/Trailer.lua" type="server" />
  <script src="Slipe/Core/Lua/Compiled/Server/Source/SlipeServer/Vehicles/Train.lua" type="server" />
  <script src="Slipe/Core/Lua/Compiled/Server/Source/SlipeServer/Vehicles/TurretedVehicle.lua" type="server" />
  <script src="Slipe/Core/Lua/Compiled/Server/Source/SlipeServer/Vehicles/Vehicle.lua" type="server" />
  <script src="Slipe/Core/Lua/Compiled/Server/Source/SlipeServer/Vehicles/VehicleModel.lua" type="server" />
  <script src="Slipe/Core/Lua/Compiled/Server/Source/SlipeServer/Weapons/WeaponModel.lua" type="server" />
  <script src="Slipe/Core/Lua/Compiled/Server/Source/SlipeShared/CollisionShapes/CollisionCircle.lua" type="server" />
  <script src="Slipe/Core/Lua/Compiled/Server/Source/SlipeShared/CollisionShapes/CollisionCuboid.lua" type="server" />
  <script src="Slipe/Core/Lua/Compiled/Server/Source/SlipeShared/CollisionShapes/CollisionRectangle.lua" type="server" />
  <script src="Slipe/Core/Lua/Compiled/Server/Source/SlipeShared/CollisionShapes/CollisionShape.lua" type="server" />
  <script src="Slipe/Core/Lua/Compiled/Server/Source/SlipeShared/CollisionShapes/CollisionSphere.lua" type="server" />
  <script src="Slipe/Core/Lua/Compiled/Server/Source/SlipeShared/CollisionShapes/CollisionTube.lua" type="server" />
  <script src="Slipe/Core/Lua/Compiled/Server/Source/SlipeShared/Cryptography/Base64.lua" type="server" />
  <script src="Slipe/Core/Lua/Compiled/Server/Source/SlipeShared/Cryptography/Bcrypt.lua" type="server" />
  <script src="Slipe/Core/Lua/Compiled/Server/Source/SlipeShared/Cryptography/Md5.lua" type="server" />
  <script src="Slipe/Core/Lua/Compiled/Server/Source/SlipeShared/Cryptography/Sha1.lua" type="server" />
  <script src="Slipe/Core/Lua/Compiled/Server/Source/SlipeShared/Cryptography/Sha224.lua" type="server" />
  <script src="Slipe/Core/Lua/Compiled/Server/Source/SlipeShared/Cryptography/Sha256.lua" type="server" />
  <script src="Slipe/Core/Lua/Compiled/Server/Source/SlipeShared/Cryptography/Sha384.lua" type="server" />
  <script src="Slipe/Core/Lua/Compiled/Server/Source/SlipeShared/Cryptography/Sha512.lua" type="server" />
  <script src="Slipe/Core/Lua/Compiled/Server/Source/SlipeShared/Cryptography/Tea.lua" type="server" />
  <script src="Slipe/Core/Lua/Compiled/Server/Source/SlipeShared/Elements/DefaultElementClassAttribute.lua" type="server" />
  <script src="Slipe/Core/Lua/Compiled/Server/Source/SlipeShared/Elements/Element.lua" type="server" />
  <script src="Slipe/Core/Lua/Compiled/Server/Source/SlipeShared/Elements/ElementManager.lua" type="server" />
  <script src="Slipe/Core/Lua/Compiled/Server/Source/SlipeShared/Elements/ElementType.lua" type="server" />
  <script src="Slipe/Core/Lua/Compiled/Server/Source/SlipeShared/Elements/PhysicalElement.lua" type="server" />
  <script src="Slipe/Core/Lua/Compiled/Server/Source/SlipeShared/Exceptions/NullElementException.lua" type="server" />
  <script src="Slipe/Core/Lua/Compiled/Server/Source/SlipeShared/Exports/ExportAttribute.lua" type="server" />
  <script src="Slipe/Core/Lua/Compiled/Server/Source/SlipeShared/GameWorld/GameTime.lua" type="server" />
  <script src="Slipe/Core/Lua/Compiled/Server/Source/SlipeShared/GameWorld/HeatHaze.lua" type="server" />
  <script src="Slipe/Core/Lua/Compiled/Server/Source/SlipeShared/GameWorld/SharedGarage.lua" type="server" />
  <script src="Slipe/Core/Lua/Compiled/Server/Source/SlipeShared/GameWorld/SharedWater.lua" type="server" />
  <script src="Slipe/Core/Lua/Compiled/Server/Source/SlipeShared/GameWorld/SharedWorld.lua" type="server" />
  <script src="Slipe/Core/Lua/Compiled/Server/Source/SlipeShared/GameWorld/SharedWorldObject.lua" type="server" />
  <script src="Slipe/Core/Lua/Compiled/Server/Source/SlipeShared/GameWorld/Weather.lua" type="server" />
  <script src="Slipe/Core/Lua/Compiled/Server/Source/SlipeShared/Helpers/EasingFunction.lua" type="server" />
  <script src="Slipe/Core/Lua/Compiled/Server/Source/SlipeShared/Helpers/NumericHelper.lua" type="server" />
  <script src="Slipe/Core/Lua/Compiled/Server/Source/SlipeShared/Helpers/Version.lua" type="server" />
  <script src="Slipe/Core/Lua/Compiled/Server/Source/SlipeShared/IO/MouseEnum.lua" type="server" />
  <script src="Slipe/Core/Lua/Compiled/Server/Source/SlipeShared/IO/SharedMTADebug.lua" type="server" />
  <script src="Slipe/Core/Lua/Compiled/Server/Source/SlipeShared/Markers/MarkerIcon.lua" type="server" />
  <script src="Slipe/Core/Lua/Compiled/Server/Source/SlipeShared/Markers/MarkerType.lua" type="server" />
  <script src="Slipe/Core/Lua/Compiled/Server/Source/SlipeShared/Markers/SharedMarker.lua" type="server" />
  <script src="Slipe/Core/Lua/Compiled/Server/Source/SlipeShared/Peds/Animation.lua" type="server" />
  <script src="Slipe/Core/Lua/Compiled/Server/Source/SlipeShared/Peds/HudComponent.lua" type="server" />
  <script src="Slipe/Core/Lua/Compiled/Server/Source/SlipeShared/Peds/PedClothes.lua" type="server" />
  <script src="Slipe/Core/Lua/Compiled/Server/Source/SlipeShared/Peds/QuitType.lua" type="server" />
  <script src="Slipe/Core/Lua/Compiled/Server/Source/SlipeShared/Peds/SharedPed.lua" type="server" />
  <script src="Slipe/Core/Lua/Compiled/Server/Source/SlipeShared/Pickups/SharedPickup.lua" type="server" />
  <script src="Slipe/Core/Lua/Compiled/Server/Source/SlipeShared/Radar/SharedBlip.lua" type="server" />
  <script src="Slipe/Core/Lua/Compiled/Server/Source/SlipeShared/Radar/SharedRadarArea.lua" type="server" />
  <script src="Slipe/Core/Lua/Compiled/Server/Source/SlipeShared/Resources/SharedResource.lua" type="server" />
  <script src="Slipe/Core/Lua/Compiled/Server/Source/SlipeShared/RPC/BaseRPC.lua" type="server" />
  <script src="Slipe/Core/Lua/Compiled/Server/Source/SlipeShared/RPC/BasicIncomingRPC.lua" type="server" />
  <script src="Slipe/Core/Lua/Compiled/Server/Source/SlipeShared/RPC/BasicOutgoingRPC.lua" type="server" />
  <script src="Slipe/Core/Lua/Compiled/Server/Source/SlipeShared/RPC/EmptyIncomingRPC.lua" type="server" />
  <script src="Slipe/Core/Lua/Compiled/Server/Source/SlipeShared/RPC/EmptyOutgoingRPC.lua" type="server" />
  <script src="Slipe/Core/Lua/Compiled/Server/Source/SlipeShared/RPC/IRPC.lua" type="server" />
  <script src="Slipe/Core/Lua/Compiled/Server/Source/SlipeShared/RPC/SingleElementIncomingRPC.lua" type="server" />
  <script src="Slipe/Core/Lua/Compiled/Server/Source/SlipeShared/RPC/SingleElementOutgoingRPC.lua" type="server" />
  <script src="Slipe/Core/Lua/Compiled/Server/Source/SlipeShared/Utilities/Color.lua" type="server" />
  <script src="Slipe/Core/Lua/Compiled/Server/Source/SlipeShared/Vehicles/Handling.lua" type="server" />
  <script src="Slipe/Core/Lua/Compiled/Server/Source/SlipeShared/Vehicles/HandlingEnums.lua" type="server" />
  <script src="Slipe/Core/Lua/Compiled/Server/Source/SlipeShared/Vehicles/SharedSirens.lua" type="server" />
  <script src="Slipe/Core/Lua/Compiled/Server/Source/SlipeShared/Vehicles/SharedVehicle.lua" type="server" />
  <script src="Slipe/Core/Lua/Compiled/Server/Source/SlipeShared/Vehicles/SharedVehicleModel.lua" type="server" />
  <script src="Slipe/Core/Lua/Compiled/Server/Source/SlipeShared/Vehicles/Siren.lua" type="server" />
  <script src="Slipe/Core/Lua/Compiled/Server/Source/SlipeShared/Weapons/SharedWeaponModel.lua" type="server" />
  <script src="Slipe/Core/Lua/Compiled/Server/Source/SlipeShared/Weapons/WeaponEnums.lua" type="server" />
  <script src="Slipe/Core/Lua/Compiled/Server/Source/SlipeServer/Accounts/Events/OnAddedEventArgs.lua" type="server" />
  <script src="Slipe/Core/Lua/Compiled/Server/Source/SlipeServer/Accounts/Events/OnDataChangeEventArgs.lua" type="server" />
  <script src="Slipe/Core/Lua/Compiled/Server/Source/SlipeServer/Accounts/Events/OnRemovedEventArgs.lua" type="server" />
  <script src="Slipe/Core/Lua/Compiled/Server/Source/SlipeServer/Game/Events/OnPlayerConnectEventArgs.lua" type="server" />
  <script src="Slipe/Core/Lua/Compiled/Server/Source/SlipeServer/Game/Events/OnPreStartEventArgs.lua" type="server" />
  <script src="Slipe/Core/Lua/Compiled/Server/Source/SlipeServer/Game/Events/OnSettingChangeEventArgs.lua" type="server" />
  <script src="Slipe/Core/Lua/Compiled/Server/Source/SlipeServer/Game/Events/OnStartEventArgs.lua" type="server" />
  <script src="Slipe/Core/Lua/Compiled/Server/Source/SlipeServer/Game/Events/OnStopEventArgs.lua" type="server" />
  <script src="Slipe/Core/Lua/Compiled/Server/Source/SlipeServer/IO/Events/OnChatMessageEventArgs.lua" type="server" />
  <script src="Slipe/Core/Lua/Compiled/Server/Source/SlipeServer/IO/Events/OnDebugMessageEventArgs.lua" type="server" />
  <script src="Slipe/Core/Lua/Compiled/Server/Source/SlipeServer/Peds/Events/OnAcInfoEventArgs.lua" type="server" />
  <script src="Slipe/Core/Lua/Compiled/Server/Source/SlipeServer/Peds/Events/OnBanAddedEventArgs.lua" type="server" />
  <script src="Slipe/Core/Lua/Compiled/Server/Source/SlipeServer/Peds/Events/OnBannedEventArgs.lua" type="server" />
  <script src="Slipe/Core/Lua/Compiled/Server/Source/SlipeServer/Peds/Events/OnChatEventArgs.lua" type="server" />
  <script src="Slipe/Core/Lua/Compiled/Server/Source/SlipeServer/Peds/Events/OnClickEventArgs.lua" type="server" />
  <script src="Slipe/Core/Lua/Compiled/Server/Source/SlipeServer/Peds/Events/OnCommandEventArgs.lua" type="server" />
  <script src="Slipe/Core/Lua/Compiled/Server/Source/SlipeServer/Peds/Events/OnConsoleEventArgs.lua" type="server" />
  <script src="Slipe/Core/Lua/Compiled/Server/Source/SlipeServer/Peds/Events/OnContactEventArgs.lua" type="server" />
  <script src="Slipe/Core/Lua/Compiled/Server/Source/SlipeServer/Peds/Events/OnDamageEventArgs.lua" type="server" />
  <script src="Slipe/Core/Lua/Compiled/Server/Source/SlipeServer/Peds/Events/OnJoinEventArgs.lua" type="server" />
  <script src="Slipe/Core/Lua/Compiled/Server/Source/SlipeServer/Peds/Events/OnLoginEventArgs.lua" type="server" />
  <script src="Slipe/Core/Lua/Compiled/Server/Source/SlipeServer/Peds/Events/OnLogoutEventArgs.lua" type="server" />
  <script src="Slipe/Core/Lua/Compiled/Server/Source/SlipeServer/Peds/Events/OnMarkerHitEventArgs.lua" type="server" />
  <script src="Slipe/Core/Lua/Compiled/Server/Source/SlipeServer/Peds/Events/OnMarkerLeaveEventArgs.lua" type="server" />
  <script src="Slipe/Core/Lua/Compiled/Server/Source/SlipeServer/Peds/Events/OnModInfoEventArgs.lua" type="server" />
  <script src="Slipe/Core/Lua/Compiled/Server/Source/SlipeServer/Peds/Events/OnMutedEventArgs.lua" type="server" />
  <script src="Slipe/Core/Lua/Compiled/Server/Source/SlipeServer/Peds/Events/OnNetworkInteruptionEventArgs.lua" type="server" />
  <script src="Slipe/Core/Lua/Compiled/Server/Source/SlipeServer/Peds/Events/OnNicknameChangedEventArgs.lua" type="server" />
  <script src="Slipe/Core/Lua/Compiled/Server/Source/SlipeServer/Peds/Events/OnPickupHitEventArgs.lua" type="server" />
  <script src="Slipe/Core/Lua/Compiled/Server/Source/SlipeServer/Peds/Events/OnPickupLeaveEventArgs.lua" type="server" />
  <script src="Slipe/Core/Lua/Compiled/Server/Source/SlipeServer/Peds/Events/OnPickupUseEventArgs.lua" type="server" />
  <script src="Slipe/Core/Lua/Compiled/Server/Source/SlipeServer/Peds/Events/OnPrivateMessageEventArgs.lua" type="server" />
  <script src="Slipe/Core/Lua/Compiled/Server/Source/SlipeServer/Peds/Events/OnQuitEventArgs.lua" type="server" />
  <script src="Slipe/Core/Lua/Compiled/Server/Source/SlipeServer/Peds/Events/OnScreenShotEventArgs.lua" type="server" />
  <script src="Slipe/Core/Lua/Compiled/Server/Source/SlipeServer/Peds/Events/OnSpawnEventArgs.lua" type="server" />
  <script src="Slipe/Core/Lua/Compiled/Server/Source/SlipeServer/Peds/Events/OnStealthKillEventArgs.lua" type="server" />
  <script src="Slipe/Core/Lua/Compiled/Server/Source/SlipeServer/Peds/Events/OnTargetEventArgs.lua" type="server" />
  <script src="Slipe/Core/Lua/Compiled/Server/Source/SlipeServer/Peds/Events/OnUnmutedEventArgs.lua" type="server" />
  <script src="Slipe/Core/Lua/Compiled/Server/Source/SlipeServer/Peds/Events/OnVehicleEnterEventArgs.lua" type="server" />
  <script src="Slipe/Core/Lua/Compiled/Server/Source/SlipeServer/Peds/Events/OnVehicleExitEventArgs.lua" type="server" />
  <script src="Slipe/Core/Lua/Compiled/Server/Source/SlipeServer/Peds/Events/OnVoiceStartEventArgs.lua" type="server" />
  <script src="Slipe/Core/Lua/Compiled/Server/Source/SlipeServer/Peds/Events/OnVoiceStopEventArgs.lua" type="server" />
  <script src="Slipe/Core/Lua/Compiled/Server/Source/SlipeServer/Peds/Events/OnWastedEventArgs.lua" type="server" />
  <script src="Slipe/Core/Lua/Compiled/Server/Source/SlipeServer/Peds/Events/OnWeaponFireEventArgs.lua" type="server" />
  <script src="Slipe/Core/Lua/Compiled/Server/Source/SlipeServer/Peds/Events/OnWeaponSwitchEventArgs.lua" type="server" />
  <script src="Slipe/Core/Lua/Compiled/Server/Source/SlipeServer/Pickups/Events/OnSpawnEventArgs.lua" type="server" />
  <script src="Slipe/Core/Lua/Compiled/Server/Source/SlipeServer/Pickups/Events/OnUseEventArgs.lua" type="server" />
  <script src="Slipe/Core/Lua/Compiled/Server/Source/SlipeServer/Vehicles/Events/OnAttachEventArgs.lua" type="server" />
  <script src="Slipe/Core/Lua/Compiled/Server/Source/SlipeServer/Vehicles/Events/OnDamageEventArgs.lua" type="server" />
  <script src="Slipe/Core/Lua/Compiled/Server/Source/SlipeServer/Vehicles/Events/OnDetachEventArgs.lua" type="server" />
  <script src="Slipe/Core/Lua/Compiled/Server/Source/SlipeServer/Vehicles/Events/OnEnterEventArgs.lua" type="server" />
  <script src="Slipe/Core/Lua/Compiled/Server/Source/SlipeServer/Vehicles/Events/OnExitEventArgs.lua" type="server" />
  <script src="Slipe/Core/Lua/Compiled/Server/Source/SlipeServer/Vehicles/Events/OnExplodeEventArgs.lua" type="server" />
  <script src="Slipe/Core/Lua/Compiled/Server/Source/SlipeServer/Vehicles/Events/OnRespawnEventArgs.lua" type="server" />
  <script src="Slipe/Core/Lua/Compiled/Server/Source/SlipeServer/Vehicles/Events/OnStartEnterEventArgs.lua" type="server" />
  <script src="Slipe/Core/Lua/Compiled/Server/Source/SlipeServer/Vehicles/Events/OnStartExitEventArgs.lua" type="server" />
  <script src="Slipe/Core/Lua/Compiled/Server/Source/SlipeShared/CollisionShapes/Events/OnHitEventArgs.lua" type="server" />
  <script src="Slipe/Core/Lua/Compiled/Server/Source/SlipeShared/CollisionShapes/Events/OnLeaveEventArgs.lua" type="server" />
  <script src="Slipe/Core/Lua/Compiled/Server/Source/SlipeShared/Elements/Events/OnClickedEventArgs.lua" type="server" />
  <script src="Slipe/Core/Lua/Compiled/Server/Source/SlipeShared/Elements/Events/OnCollisionShapeHitEventArgs.lua" type="server" />
  <script src="Slipe/Core/Lua/Compiled/Server/Source/SlipeShared/Elements/Events/OnCollisionShapeLeaveEventArgs.lua" type="server" />
  <script src="Slipe/Core/Lua/Compiled/Server/Source/SlipeShared/Elements/Events/OnDestroyEventArgs.lua" type="server" />
  <script src="Slipe/Core/Lua/Compiled/Server/Source/SlipeShared/Elements/Events/OnModelChangeEventArgs.lua" type="server" />
  <script src="Slipe/Core/Lua/Compiled/Server/Source/SlipeShared/Elements/Events/OnStartSyncEventArgs.lua" type="server" />
  <script src="Slipe/Core/Lua/Compiled/Server/Source/SlipeShared/Elements/Events/OnSteamInEventArgs.lua" type="server" />
  <script src="Slipe/Core/Lua/Compiled/Server/Source/SlipeShared/Elements/Events/OnSteamOutEventArgs.lua" type="server" />
  <script src="Slipe/Core/Lua/Compiled/Server/Source/SlipeShared/Elements/Events/OnStopSyncEventArgs.lua" type="server" />
  <script src="Slipe/Core/Lua/Compiled/Server/Source/SlipeShared/Markers/Events/OnHitEventArgs.lua" type="server" />
  <script src="Slipe/Core/Lua/Compiled/Server/Source/SlipeShared/Markers/Events/OnLeaveEventArgs.lua" type="server" />
  <script src="Slipe/Core/Lua/Compiled/Server/Source/SlipeShared/Pickups/Events/OnHitArgs.lua" type="server" />
  <script src="Slipe/Core/Lua/Compiled/Server/Source/SlipeShared/Pickups/Events/OnLeaveArgs.lua" type="server" />
  <file src="Slipe/Core/Lua/Compiled/Client/manifest.lua" />
  <script src="Slipe/Core/Lua/Compiled/Client/Source/SlipeClient/Assets/Asset.lua" type="client" />
  <script src="Slipe/Core/Lua/Compiled/Client/Source/SlipeClient/Assets/Col.lua" type="client" />
  <script src="Slipe/Core/Lua/Compiled/Client/Source/SlipeClient/Assets/CustomAnimation.lua" type="client" />
  <script src="Slipe/Core/Lua/Compiled/Client/Source/SlipeClient/Assets/DFF.lua" type="client" />
  <script src="Slipe/Core/Lua/Compiled/Client/Source/SlipeClient/Assets/IFP.lua" type="client" />
  <script src="Slipe/Core/Lua/Compiled/Client/Source/SlipeClient/Assets/Mod.lua" type="client" />
  <script src="Slipe/Core/Lua/Compiled/Client/Source/SlipeClient/Assets/TXD.lua" type="client" />
  <script src="Slipe/Core/Lua/Compiled/Client/Source/SlipeClient/Browsers/Browser.lua" type="client" />
  <script src="Slipe/Core/Lua/Compiled/Client/Source/SlipeClient/Browsers/JavascriptVariable.lua" type="client" />
  <script src="Slipe/Core/Lua/Compiled/Client/Source/SlipeClient/Dx/Align.lua" type="client" />
  <script src="Slipe/Core/Lua/Compiled/Client/Source/SlipeClient/Dx/Circle.lua" type="client" />
  <script src="Slipe/Core/Lua/Compiled/Client/Source/SlipeClient/Dx/Dx2DObject.lua" type="client" />
  <script src="Slipe/Core/Lua/Compiled/Client/Source/SlipeClient/Dx/Dx3DLine.lua" type="client" />
  <script src="Slipe/Core/Lua/Compiled/Client/Source/SlipeClient/Dx/Dx3DMaterialLine.lua" type="client" />
  <script src="Slipe/Core/Lua/Compiled/Client/Source/SlipeClient/Dx/Dx3DMaterialLineSection.lua" type="client" />
  <script src="Slipe/Core/Lua/Compiled/Client/Source/SlipeClient/Dx/DxEnums.lua" type="client" />
  <script src="Slipe/Core/Lua/Compiled/Client/Source/SlipeClient/Dx/Font.lua" type="client" />
  <script src="Slipe/Core/Lua/Compiled/Client/Source/SlipeClient/Dx/FontQuality.lua" type="client" />
  <script src="Slipe/Core/Lua/Compiled/Client/Source/SlipeClient/Dx/IDrawable.lua" type="client" />
  <script src="Slipe/Core/Lua/Compiled/Client/Source/SlipeClient/Dx/Image.lua" type="client" />
  <script src="Slipe/Core/Lua/Compiled/Client/Source/SlipeClient/Dx/ImageSection.lua" type="client" />
  <script src="Slipe/Core/Lua/Compiled/Client/Source/SlipeClient/Dx/Line.lua" type="client" />
  <script src="Slipe/Core/Lua/Compiled/Client/Source/SlipeClient/Dx/Material.lua" type="client" />
  <script src="Slipe/Core/Lua/Compiled/Client/Source/SlipeClient/Dx/Rectangle.lua" type="client" />
  <script src="Slipe/Core/Lua/Compiled/Client/Source/SlipeClient/Dx/ScreenSource.lua" type="client" />
  <script src="Slipe/Core/Lua/Compiled/Client/Source/SlipeClient/Dx/Shader.lua" type="client" />
  <script src="Slipe/Core/Lua/Compiled/Client/Source/SlipeClient/Dx/StandardFont.lua" type="client" />
  <script src="Slipe/Core/Lua/Compiled/Client/Source/SlipeClient/Dx/Text.lua" type="client" />
  <script src="Slipe/Core/Lua/Compiled/Client/Source/SlipeClient/Dx/Texture.lua" type="client" />
  <script src="Slipe/Core/Lua/Compiled/Client/Source/SlipeClient/Dx/TexturePixels.lua" type="client" />
  <script src="Slipe/Core/Lua/Compiled/Client/Source/SlipeClient/Effects/Effect.lua" type="client" />
  <script src="Slipe/Core/Lua/Compiled/Client/Source/SlipeClient/Effects/EffectType.lua" type="client" />
  <script src="Slipe/Core/Lua/Compiled/Client/Source/SlipeClient/Effects/Fx.lua" type="client" />
  <script src="Slipe/Core/Lua/Compiled/Client/Source/SlipeClient/Elements/ElementExtensions.lua" type="client" />
  <script src="Slipe/Core/Lua/Compiled/Client/Source/SlipeClient/Elements/ResourceRootElement.lua" type="client" />
  <script src="Slipe/Core/Lua/Compiled/Client/Source/SlipeClient/Elements/RootElement.lua" type="client" />
  <script src="Slipe/Core/Lua/Compiled/Client/Source/SlipeClient/Events/Event.lua" type="client" />
  <script src="Slipe/Core/Lua/Compiled/Client/Source/SlipeClient/Explosions/Explosion.lua" type="client" />
  <script src="Slipe/Core/Lua/Compiled/Client/Source/SlipeClient/Game/Engine.lua" type="client" />
  <script src="Slipe/Core/Lua/Compiled/Client/Source/SlipeClient/Game/GameClient.lua" type="client" />
  <script src="Slipe/Core/Lua/Compiled/Client/Source/SlipeClient/Game/InputMode.lua" type="client" />
  <script src="Slipe/Core/Lua/Compiled/Client/Source/SlipeClient/Game/Team.lua" type="client" />
  <script src="Slipe/Core/Lua/Compiled/Client/Source/SlipeClient/Game/TrayIconType.lua" type="client" />
  <script src="Slipe/Core/Lua/Compiled/Client/Source/SlipeClient/GameWorld/AmbientSound.lua" type="client" />
  <script src="Slipe/Core/Lua/Compiled/Client/Source/SlipeClient/GameWorld/Garage.lua" type="client" />
  <script src="Slipe/Core/Lua/Compiled/Client/Source/SlipeClient/GameWorld/SwatRope.lua" type="client" />
  <script src="Slipe/Core/Lua/Compiled/Client/Source/SlipeClient/GameWorld/Water.lua" type="client" />
  <script src="Slipe/Core/Lua/Compiled/Client/Source/SlipeClient/GameWorld/World.lua" type="client" />
  <script src="Slipe/Core/Lua/Compiled/Client/Source/SlipeClient/GameWorld/WorldObject.lua" type="client" />
  <script src="Slipe/Core/Lua/Compiled/Client/Source/SlipeClient/GameWorld/WorldSpecialProperty.lua" type="client" />
  <script src="Slipe/Core/Lua/Compiled/Client/Source/SlipeClient/Gui/Button.lua" type="client" />
  <script src="Slipe/Core/Lua/Compiled/Client/Source/SlipeClient/Gui/CheckBox.lua" type="client" />
  <script src="Slipe/Core/Lua/Compiled/Client/Source/SlipeClient/Gui/ComboBox.lua" type="client" />
  <script src="Slipe/Core/Lua/Compiled/Client/Source/SlipeClient/Gui/ComboBoxItem.lua" type="client" />
  <script src="Slipe/Core/Lua/Compiled/Client/Source/SlipeClient/Gui/Edit.lua" type="client" />
  <script src="Slipe/Core/Lua/Compiled/Client/Source/SlipeClient/Gui/EditableGuiElement.lua" type="client" />
  <script src="Slipe/Core/Lua/Compiled/Client/Source/SlipeClient/Gui/GridColumn.lua" type="client" />
  <script src="Slipe/Core/Lua/Compiled/Client/Source/SlipeClient/Gui/GridItem.lua" type="client" />
  <script src="Slipe/Core/Lua/Compiled/Client/Source/SlipeClient/Gui/GridList.lua" type="client" />
  <script src="Slipe/Core/Lua/Compiled/Client/Source/SlipeClient/Gui/GridRow.lua" type="client" />
  <script src="Slipe/Core/Lua/Compiled/Client/Source/SlipeClient/Gui/GuiAlign.lua" type="client" />
  <script src="Slipe/Core/Lua/Compiled/Client/Source/SlipeClient/Gui/GuiBrowser.lua" type="client" />
  <script src="Slipe/Core/Lua/Compiled/Client/Source/SlipeClient/Gui/GuiElement.lua" type="client" />
  <script src="Slipe/Core/Lua/Compiled/Client/Source/SlipeClient/Gui/GuiFont.lua" type="client" />
  <script src="Slipe/Core/Lua/Compiled/Client/Source/SlipeClient/Gui/Label.lua" type="client" />
  <script src="Slipe/Core/Lua/Compiled/Client/Source/SlipeClient/Gui/Memo.lua" type="client" />
  <script src="Slipe/Core/Lua/Compiled/Client/Source/SlipeClient/Gui/ProgressBar.lua" type="client" />
  <script src="Slipe/Core/Lua/Compiled/Client/Source/SlipeClient/Gui/RadioButton.lua" type="client" />
  <script src="Slipe/Core/Lua/Compiled/Client/Source/SlipeClient/Gui/ScrollBar.lua" type="client" />
  <script src="Slipe/Core/Lua/Compiled/Client/Source/SlipeClient/Gui/ScrollPane.lua" type="client" />
  <script src="Slipe/Core/Lua/Compiled/Client/Source/SlipeClient/Gui/StandardGuiFont.lua" type="client" />
  <script src="Slipe/Core/Lua/Compiled/Client/Source/SlipeClient/Gui/StaticImage.lua" type="client" />
  <script src="Slipe/Core/Lua/Compiled/Client/Source/SlipeClient/Gui/Tab.lua" type="client" />
  <script src="Slipe/Core/Lua/Compiled/Client/Source/SlipeClient/Gui/TabPanel.lua" type="client" />
  <script src="Slipe/Core/Lua/Compiled/Client/Source/SlipeClient/Gui/Window.lua" type="client" />
  <script src="Slipe/Core/Lua/Compiled/Client/Source/SlipeClient/Helpers/EagerAttachableObject.lua" type="client" />
  <script src="Slipe/Core/Lua/Compiled/Client/Source/SlipeClient/Helpers/LazyAttachableObject.lua" type="client" />
  <script src="Slipe/Core/Lua/Compiled/Client/Source/SlipeClient/IO/ChatBox.lua" type="client" />
  <script src="Slipe/Core/Lua/Compiled/Client/Source/SlipeClient/IO/CommandHandler.lua" type="client" />
  <script src="Slipe/Core/Lua/Compiled/Client/Source/SlipeClient/IO/Cursor.lua" type="client" />
  <script src="Slipe/Core/Lua/Compiled/Client/Source/SlipeClient/IO/Input.lua" type="client" />
  <script src="Slipe/Core/Lua/Compiled/Client/Source/SlipeClient/IO/MTAConsole.lua" type="client" />
  <script src="Slipe/Core/Lua/Compiled/Client/Source/SlipeClient/IO/MTADebug.lua" type="client" />
  <script src="Slipe/Core/Lua/Compiled/Client/Source/SlipeClient/Lights/Light.lua" type="client" />
  <script src="Slipe/Core/Lua/Compiled/Client/Source/SlipeClient/Lights/SearchLight.lua" type="client" />
  <script src="Slipe/Core/Lua/Compiled/Client/Source/SlipeClient/Markers/Marker.lua" type="client" />
  <script src="Slipe/Core/Lua/Compiled/Client/Source/SlipeClient/Peds/LocalPlayer.lua" type="client" />
  <script src="Slipe/Core/Lua/Compiled/Client/Source/SlipeClient/Peds/MoveState.lua" type="client" />
  <script src="Slipe/Core/Lua/Compiled/Client/Source/SlipeClient/Peds/Ped.lua" type="client" />
  <script src="Slipe/Core/Lua/Compiled/Client/Source/SlipeClient/Peds/PedVoice.lua" type="client" />
  <script src="Slipe/Core/Lua/Compiled/Client/Source/SlipeClient/Peds/Player.lua" type="client" />
  <script src="Slipe/Core/Lua/Compiled/Client/Source/SlipeClient/Peds/Tasks.lua" type="client" />
  <script src="Slipe/Core/Lua/Compiled/Client/Source/SlipeClient/Pickups/Pickup.lua" type="client" />
  <script src="Slipe/Core/Lua/Compiled/Client/Source/SlipeClient/Radar/Blip.lua" type="client" />
  <script src="Slipe/Core/Lua/Compiled/Client/Source/SlipeClient/Radar/RadarArea.lua" type="client" />
  <script src="Slipe/Core/Lua/Compiled/Client/Source/SlipeClient/Rendering/Camera.lua" type="client" />
  <script src="Slipe/Core/Lua/Compiled/Client/Source/SlipeClient/Rendering/CameraEnums.lua" type="client" />
  <script src="Slipe/Core/Lua/Compiled/Client/Source/SlipeClient/Rendering/RenderEnums.lua" type="client" />
  <script src="Slipe/Core/Lua/Compiled/Client/Source/SlipeClient/Rendering/Renderer.lua" type="client" />
  <script src="Slipe/Core/Lua/Compiled/Client/Source/SlipeClient/Rendering/RenderTarget.lua" type="client" />
  <script src="Slipe/Core/Lua/Compiled/Client/Source/SlipeClient/Rendering/Status.lua" type="client" />
  <script src="Slipe/Core/Lua/Compiled/Client/Source/SlipeClient/Resources/Resource.lua" type="client" />
  <script src="Slipe/Core/Lua/Compiled/Client/Source/SlipeClient/Rpc/RpcManager.lua" type="client" />
  <script src="Slipe/Core/Lua/Compiled/Client/Source/SlipeClient/SightLines/SightLine.lua" type="client" />
  <script src="Slipe/Core/Lua/Compiled/Client/Source/SlipeClient/SightLines/SightLineData.lua" type="client" />
  <script src="Slipe/Core/Lua/Compiled/Client/Source/SlipeClient/Sounds/Sound.lua" type="client" />
  <script src="Slipe/Core/Lua/Compiled/Client/Source/SlipeClient/Sounds/SoundEffects.lua" type="client" />
  <script src="Slipe/Core/Lua/Compiled/Client/Source/SlipeClient/Sounds/SoundEnums.lua" type="client" />
  <script src="Slipe/Core/Lua/Compiled/Client/Source/SlipeClient/Sounds/SoundMeta.lua" type="client" />
  <script src="Slipe/Core/Lua/Compiled/Client/Source/SlipeClient/Sounds/SoundProperties.lua" type="client" />
  <script src="Slipe/Core/Lua/Compiled/Client/Source/SlipeClient/Sounds/WorldSound.lua" type="client" />
  <script src="Slipe/Core/Lua/Compiled/Client/Source/SlipeClient/Vehicles/BaseVehicle.lua" type="client" />
  <script src="Slipe/Core/Lua/Compiled/Client/Source/SlipeClient/Vehicles/Boat.lua" type="client" />
  <script src="Slipe/Core/Lua/Compiled/Client/Source/SlipeClient/Vehicles/Component.lua" type="client" />
  <script src="Slipe/Core/Lua/Compiled/Client/Source/SlipeClient/Vehicles/ComponentEnums.lua" type="client" />
  <script src="Slipe/Core/Lua/Compiled/Client/Source/SlipeClient/Vehicles/Helicopter.lua" type="client" />
  <script src="Slipe/Core/Lua/Compiled/Client/Source/SlipeClient/Vehicles/Plane.lua" type="client" />
  <script src="Slipe/Core/Lua/Compiled/Client/Source/SlipeClient/Vehicles/Taxi.lua" type="client" />
  <script src="Slipe/Core/Lua/Compiled/Client/Source/SlipeClient/Vehicles/Trailer.lua" type="client" />
  <script src="Slipe/Core/Lua/Compiled/Client/Source/SlipeClient/Vehicles/Train.lua" type="client" />
  <script src="Slipe/Core/Lua/Compiled/Client/Source/SlipeClient/Vehicles/TurretedVehicle.lua" type="client" />
  <script src="Slipe/Core/Lua/Compiled/Client/Source/SlipeClient/Vehicles/Vehicle.lua" type="client" />
  <script src="Slipe/Core/Lua/Compiled/Client/Source/SlipeClient/Vehicles/VehicleModel.lua" type="client" />
  <script src="Slipe/Core/Lua/Compiled/Client/Source/SlipeClient/Weapons/CustomWeapon.lua" type="client" />
  <script src="Slipe/Core/Lua/Compiled/Client/Source/SlipeClient/Weapons/Projectile.lua" type="client" />
  <script src="Slipe/Core/Lua/Compiled/Client/Source/SlipeShared/CollisionShapes/CollisionCircle.lua" type="client" />
  <script src="Slipe/Core/Lua/Compiled/Client/Source/SlipeShared/CollisionShapes/CollisionCuboid.lua" type="client" />
  <script src="Slipe/Core/Lua/Compiled/Client/Source/SlipeShared/CollisionShapes/CollisionRectangle.lua" type="client" />
  <script src="Slipe/Core/Lua/Compiled/Client/Source/SlipeShared/CollisionShapes/CollisionShape.lua" type="client" />
  <script src="Slipe/Core/Lua/Compiled/Client/Source/SlipeShared/CollisionShapes/CollisionSphere.lua" type="client" />
  <script src="Slipe/Core/Lua/Compiled/Client/Source/SlipeShared/CollisionShapes/CollisionTube.lua" type="client" />
  <script src="Slipe/Core/Lua/Compiled/Client/Source/SlipeShared/Cryptography/Base64.lua" type="client" />
  <script src="Slipe/Core/Lua/Compiled/Client/Source/SlipeShared/Cryptography/Bcrypt.lua" type="client" />
  <script src="Slipe/Core/Lua/Compiled/Client/Source/SlipeShared/Cryptography/Md5.lua" type="client" />
  <script src="Slipe/Core/Lua/Compiled/Client/Source/SlipeShared/Cryptography/Sha1.lua" type="client" />
  <script src="Slipe/Core/Lua/Compiled/Client/Source/SlipeShared/Cryptography/Sha224.lua" type="client" />
  <script src="Slipe/Core/Lua/Compiled/Client/Source/SlipeShared/Cryptography/Sha256.lua" type="client" />
  <script src="Slipe/Core/Lua/Compiled/Client/Source/SlipeShared/Cryptography/Sha384.lua" type="client" />
  <script src="Slipe/Core/Lua/Compiled/Client/Source/SlipeShared/Cryptography/Sha512.lua" type="client" />
  <script src="Slipe/Core/Lua/Compiled/Client/Source/SlipeShared/Cryptography/Tea.lua" type="client" />
  <script src="Slipe/Core/Lua/Compiled/Client/Source/SlipeShared/Elements/DefaultElementClassAttribute.lua" type="client" />
  <script src="Slipe/Core/Lua/Compiled/Client/Source/SlipeShared/Elements/Element.lua" type="client" />
  <script src="Slipe/Core/Lua/Compiled/Client/Source/SlipeShared/Elements/ElementManager.lua" type="client" />
  <script src="Slipe/Core/Lua/Compiled/Client/Source/SlipeShared/Elements/ElementType.lua" type="client" />
  <script src="Slipe/Core/Lua/Compiled/Client/Source/SlipeShared/Elements/PhysicalElement.lua" type="client" />
  <script src="Slipe/Core/Lua/Compiled/Client/Source/SlipeShared/Exceptions/NullElementException.lua" type="client" />
  <script src="Slipe/Core/Lua/Compiled/Client/Source/SlipeShared/Exports/ExportAttribute.lua" type="client" />
  <script src="Slipe/Core/Lua/Compiled/Client/Source/SlipeShared/GameWorld/GameTime.lua" type="client" />
  <script src="Slipe/Core/Lua/Compiled/Client/Source/SlipeShared/GameWorld/HeatHaze.lua" type="client" />
  <script src="Slipe/Core/Lua/Compiled/Client/Source/SlipeShared/GameWorld/SharedGarage.lua" type="client" />
  <script src="Slipe/Core/Lua/Compiled/Client/Source/SlipeShared/GameWorld/SharedWater.lua" type="client" />
  <script src="Slipe/Core/Lua/Compiled/Client/Source/SlipeShared/GameWorld/SharedWorld.lua" type="client" />
  <script src="Slipe/Core/Lua/Compiled/Client/Source/SlipeShared/GameWorld/SharedWorldObject.lua" type="client" />
  <script src="Slipe/Core/Lua/Compiled/Client/Source/SlipeShared/GameWorld/Weather.lua" type="client" />
  <script src="Slipe/Core/Lua/Compiled/Client/Source/SlipeShared/Helpers/EasingFunction.lua" type="client" />
  <script src="Slipe/Core/Lua/Compiled/Client/Source/SlipeShared/Helpers/NumericHelper.lua" type="client" />
  <script src="Slipe/Core/Lua/Compiled/Client/Source/SlipeShared/Helpers/Version.lua" type="client" />
  <script src="Slipe/Core/Lua/Compiled/Client/Source/SlipeShared/IO/MouseEnum.lua" type="client" />
  <script src="Slipe/Core/Lua/Compiled/Client/Source/SlipeShared/IO/SharedMTADebug.lua" type="client" />
  <script src="Slipe/Core/Lua/Compiled/Client/Source/SlipeShared/Markers/MarkerIcon.lua" type="client" />
  <script src="Slipe/Core/Lua/Compiled/Client/Source/SlipeShared/Markers/MarkerType.lua" type="client" />
  <script src="Slipe/Core/Lua/Compiled/Client/Source/SlipeShared/Markers/SharedMarker.lua" type="client" />
  <script src="Slipe/Core/Lua/Compiled/Client/Source/SlipeShared/Peds/AnalogControl.lua" type="client" />
  <script src="Slipe/Core/Lua/Compiled/Client/Source/SlipeShared/Peds/Animation.lua" type="client" />
  <script src="Slipe/Core/Lua/Compiled/Client/Source/SlipeShared/Peds/HudComponent.lua" type="client" />
  <script src="Slipe/Core/Lua/Compiled/Client/Source/SlipeShared/Peds/PedClothes.lua" type="client" />
  <script src="Slipe/Core/Lua/Compiled/Client/Source/SlipeShared/Peds/QuitType.lua" type="client" />
  <script src="Slipe/Core/Lua/Compiled/Client/Source/SlipeShared/Peds/SharedPed.lua" type="client" />
  <script src="Slipe/Core/Lua/Compiled/Client/Source/SlipeShared/Pickups/SharedPickup.lua" type="client" />
  <script src="Slipe/Core/Lua/Compiled/Client/Source/SlipeShared/Radar/SharedBlip.lua" type="client" />
  <script src="Slipe/Core/Lua/Compiled/Client/Source/SlipeShared/Radar/SharedRadarArea.lua" type="client" />
  <script src="Slipe/Core/Lua/Compiled/Client/Source/SlipeShared/Resources/SharedResource.lua" type="client" />
  <script src="Slipe/Core/Lua/Compiled/Client/Source/SlipeShared/RPC/BaseRPC.lua" type="client" />
  <script src="Slipe/Core/Lua/Compiled/Client/Source/SlipeShared/RPC/BasicIncomingRPC.lua" type="client" />
  <script src="Slipe/Core/Lua/Compiled/Client/Source/SlipeShared/RPC/BasicOutgoingRPC.lua" type="client" />
  <script src="Slipe/Core/Lua/Compiled/Client/Source/SlipeShared/RPC/EmptyIncomingRPC.lua" type="client" />
  <script src="Slipe/Core/Lua/Compiled/Client/Source/SlipeShared/RPC/EmptyOutgoingRPC.lua" type="client" />
  <script src="Slipe/Core/Lua/Compiled/Client/Source/SlipeShared/RPC/IRPC.lua" type="client" />
  <script src="Slipe/Core/Lua/Compiled/Client/Source/SlipeShared/RPC/SingleElementIncomingRPC.lua" type="client" />
  <script src="Slipe/Core/Lua/Compiled/Client/Source/SlipeShared/RPC/SingleElementOutgoingRPC.lua" type="client" />
  <script src="Slipe/Core/Lua/Compiled/Client/Source/SlipeShared/Utilities/Color.lua" type="client" />
  <script src="Slipe/Core/Lua/Compiled/Client/Source/SlipeShared/Vehicles/Handling.lua" type="client" />
  <script src="Slipe/Core/Lua/Compiled/Client/Source/SlipeShared/Vehicles/HandlingEnums.lua" type="client" />
  <script src="Slipe/Core/Lua/Compiled/Client/Source/SlipeShared/Vehicles/SharedSirens.lua" type="client" />
  <script src="Slipe/Core/Lua/Compiled/Client/Source/SlipeShared/Vehicles/SharedVehicle.lua" type="client" />
  <script src="Slipe/Core/Lua/Compiled/Client/Source/SlipeShared/Vehicles/SharedVehicleModel.lua" type="client" />
  <script src="Slipe/Core/Lua/Compiled/Client/Source/SlipeShared/Vehicles/Siren.lua" type="client" />
  <script src="Slipe/Core/Lua/Compiled/Client/Source/SlipeShared/Weapons/SharedWeaponModel.lua" type="client" />
  <script src="Slipe/Core/Lua/Compiled/Client/Source/SlipeShared/Weapons/WeaponEnums.lua" type="client" />
  <script src="Slipe/Core/Lua/Compiled/Client/Source/SlipeClient/Browsers/Events/OnCreatedEventArgs.lua" type="client" />
  <script src="Slipe/Core/Lua/Compiled/Client/Source/SlipeClient/Browsers/Events/OnCursorChangeEventArgs.lua" type="client" />
  <script src="Slipe/Core/Lua/Compiled/Client/Source/SlipeClient/Browsers/Events/OnDocumentReadEventArgs.lua" type="client" />
  <script src="Slipe/Core/Lua/Compiled/Client/Source/SlipeClient/Browsers/Events/OnInputFocusChangeEventArgs.lua" type="client" />
  <script src="Slipe/Core/Lua/Compiled/Client/Source/SlipeClient/Browsers/Events/OnLoadFailEventArgs.lua" type="client" />
  <script src="Slipe/Core/Lua/Compiled/Client/Source/SlipeClient/Browsers/Events/OnLoadStartEventArgs.lua" type="client" />
  <script src="Slipe/Core/Lua/Compiled/Client/Source/SlipeClient/Browsers/Events/OnNavigateEventArgs.lua" type="client" />
  <script src="Slipe/Core/Lua/Compiled/Client/Source/SlipeClient/Browsers/Events/OnPopupEventArgs.lua" type="client" />
  <script src="Slipe/Core/Lua/Compiled/Client/Source/SlipeClient/Browsers/Events/OnResourceBlockedEventArgs.lua" type="client" />
  <script src="Slipe/Core/Lua/Compiled/Client/Source/SlipeClient/Browsers/Events/OnTooltipEventArgs.lua" type="client" />
  <script src="Slipe/Core/Lua/Compiled/Client/Source/SlipeClient/Browsers/Events/OnWhiteListChangeEventArgs.lua" type="client" />
  <script src="Slipe/Core/Lua/Compiled/Client/Source/SlipeClient/Elements/Events/OnExplosionEventArgs.lua" type="client" />
  <script src="Slipe/Core/Lua/Compiled/Client/Source/SlipeClient/Game/Events/OnFileDownloadCompleteEventArgs.lua" type="client" />
  <script src="Slipe/Core/Lua/Compiled/Client/Source/SlipeClient/Game/Events/OnMinimizeEventArgs.lua" type="client" />
  <script src="Slipe/Core/Lua/Compiled/Client/Source/SlipeClient/Game/Events/OnNetworkInteruptionEventArgs.lua" type="client" />
  <script src="Slipe/Core/Lua/Compiled/Client/Source/SlipeClient/Game/Events/OnRestoreEventArgs.lua" type="client" />
  <script src="Slipe/Core/Lua/Compiled/Client/Source/SlipeClient/Game/Events/OnStartEventArgs.lua" type="client" />
  <script src="Slipe/Core/Lua/Compiled/Client/Source/SlipeClient/Game/Events/OnStopEventArgs.lua" type="client" />
  <script src="Slipe/Core/Lua/Compiled/Client/Source/SlipeClient/Game/Events/OnUpdateEventArgs.lua" type="client" />
  <script src="Slipe/Core/Lua/Compiled/Client/Source/SlipeClient/GameWorld/Events/OnBreakEventArgs.lua" type="client" />
  <script src="Slipe/Core/Lua/Compiled/Client/Source/SlipeClient/GameWorld/Events/OnDamageEventArgs.lua" type="client" />
  <script src="Slipe/Core/Lua/Compiled/Client/Source/SlipeClient/Gui/Events/OnAcceptedEventArgs.lua" type="client" />
  <script src="Slipe/Core/Lua/Compiled/Client/Source/SlipeClient/Gui/Events/OnBlurEventArgs.lua" type="client" />
  <script src="Slipe/Core/Lua/Compiled/Client/Source/SlipeClient/Gui/Events/OnChangedEventArgs.lua" type="client" />
  <script src="Slipe/Core/Lua/Compiled/Client/Source/SlipeClient/Gui/Events/OnClickEventArgs.lua" type="client" />
  <script src="Slipe/Core/Lua/Compiled/Client/Source/SlipeClient/Gui/Events/OnDoubleClickEventArgs.lua" type="client" />
  <script src="Slipe/Core/Lua/Compiled/Client/Source/SlipeClient/Gui/Events/OnFocusEventArgs.lua" type="client" />
  <script src="Slipe/Core/Lua/Compiled/Client/Source/SlipeClient/Gui/Events/OnMouseDownEventArgs.lua" type="client" />
  <script src="Slipe/Core/Lua/Compiled/Client/Source/SlipeClient/Gui/Events/OnMouseEnterEventArgs.lua" type="client" />
  <script src="Slipe/Core/Lua/Compiled/Client/Source/SlipeClient/Gui/Events/OnMouseLeaveEventArgs.lua" type="client" />
  <script src="Slipe/Core/Lua/Compiled/Client/Source/SlipeClient/Gui/Events/OnMouseMoveEventArgs.lua" type="client" />
  <script src="Slipe/Core/Lua/Compiled/Client/Source/SlipeClient/Gui/Events/OnMouseUpEventArgs.lua" type="client" />
  <script src="Slipe/Core/Lua/Compiled/Client/Source/SlipeClient/Gui/Events/OnMouseWheelEventArgs.lua" type="client" />
  <script src="Slipe/Core/Lua/Compiled/Client/Source/SlipeClient/Gui/Events/OnMoveEventArgs.lua" type="client" />
  <script src="Slipe/Core/Lua/Compiled/Client/Source/SlipeClient/Gui/Events/OnOpenEventArgs.lua" type="client" />
  <script src="Slipe/Core/Lua/Compiled/Client/Source/SlipeClient/Gui/Events/OnResizeEventArgs.lua" type="client" />
  <script src="Slipe/Core/Lua/Compiled/Client/Source/SlipeClient/Gui/Events/OnScrollEventArgs.lua" type="client" />
  <script src="Slipe/Core/Lua/Compiled/Client/Source/SlipeClient/IO/Events/OnCharacterEventArgs.lua" type="client" />
  <script src="Slipe/Core/Lua/Compiled/Client/Source/SlipeClient/IO/Events/OnChatMessageEventArgs.lua" type="client" />
  <script src="Slipe/Core/Lua/Compiled/Client/Source/SlipeClient/IO/Events/OnClickEventArgs.lua" type="client" />
  <script src="Slipe/Core/Lua/Compiled/Client/Source/SlipeClient/IO/Events/OnDebugMessageEventArgs.lua" type="client" />
  <script src="Slipe/Core/Lua/Compiled/Client/Source/SlipeClient/IO/Events/OnDoubleClickEventArgs.lua" type="client" />
  <script src="Slipe/Core/Lua/Compiled/Client/Source/SlipeClient/IO/Events/OnKeyEventArgs.lua" type="client" />
  <script src="Slipe/Core/Lua/Compiled/Client/Source/SlipeClient/IO/Events/OnMoveEventArgs.lua" type="client" />
  <script src="Slipe/Core/Lua/Compiled/Client/Source/SlipeClient/Peds/Events/OnChokeEventArgs.lua" type="client" />
  <script src="Slipe/Core/Lua/Compiled/Client/Source/SlipeClient/Peds/Events/OnConsoleEventArgs.lua" type="client" />
  <script src="Slipe/Core/Lua/Compiled/Client/Source/SlipeClient/Peds/Events/OnDamageEventArgs.lua" type="client" />
  <script src="Slipe/Core/Lua/Compiled/Client/Source/SlipeClient/Peds/Events/OnHeliKilledEventArgs.lua" type="client" />
  <script src="Slipe/Core/Lua/Compiled/Client/Source/SlipeClient/Peds/Events/OnJoinEventArgs.lua" type="client" />
  <script src="Slipe/Core/Lua/Compiled/Client/Source/SlipeClient/Peds/Events/OnNicknameChangedEventArgs.lua" type="client" />
  <script src="Slipe/Core/Lua/Compiled/Client/Source/SlipeClient/Peds/Events/OnPickupHitEventArgs.lua" type="client" />
  <script src="Slipe/Core/Lua/Compiled/Client/Source/SlipeClient/Peds/Events/OnPickupLeaveEventArgs.lua" type="client" />
  <script src="Slipe/Core/Lua/Compiled/Client/Source/SlipeClient/Peds/Events/OnQuitEventArgs.lua" type="client" />
  <script src="Slipe/Core/Lua/Compiled/Client/Source/SlipeClient/Peds/Events/OnRadioSwitchEventArgs.lua" type="client" />
  <script src="Slipe/Core/Lua/Compiled/Client/Source/SlipeClient/Peds/Events/OnSpawnEventArgs.lua" type="client" />
  <script src="Slipe/Core/Lua/Compiled/Client/Source/SlipeClient/Peds/Events/OnStealthKillEventArgs.lua" type="client" />
  <script src="Slipe/Core/Lua/Compiled/Client/Source/SlipeClient/Peds/Events/OnStepEventArgs.lua" type="client" />
  <script src="Slipe/Core/Lua/Compiled/Client/Source/SlipeClient/Peds/Events/OnStuntFinishEventArgs.lua" type="client" />
  <script src="Slipe/Core/Lua/Compiled/Client/Source/SlipeClient/Peds/Events/OnStuntStartEventArgs.lua" type="client" />
  <script src="Slipe/Core/Lua/Compiled/Client/Source/SlipeClient/Peds/Events/OnTargetEventArgs.lua" type="client" />
  <script src="Slipe/Core/Lua/Compiled/Client/Source/SlipeClient/Peds/Events/OnVehicleEnterEventArgs.lua" type="client" />
  <script src="Slipe/Core/Lua/Compiled/Client/Source/SlipeClient/Peds/Events/OnVehicleExitEventArgs.lua" type="client" />
  <script src="Slipe/Core/Lua/Compiled/Client/Source/SlipeClient/Peds/Events/OnVoicePausedEventArgs.lua" type="client" />
  <script src="Slipe/Core/Lua/Compiled/Client/Source/SlipeClient/Peds/Events/OnVoiceResumedEventArgs.lua" type="client" />
  <script src="Slipe/Core/Lua/Compiled/Client/Source/SlipeClient/Peds/Events/OnVoiceStartEventArgs.lua" type="client" />
  <script src="Slipe/Core/Lua/Compiled/Client/Source/SlipeClient/Peds/Events/OnVoiceStopEventArgs.lua" type="client" />
  <script src="Slipe/Core/Lua/Compiled/Client/Source/SlipeClient/Peds/Events/OnWastedEventArgs.lua" type="client" />
  <script src="Slipe/Core/Lua/Compiled/Client/Source/SlipeClient/Peds/Events/OnWeaponFireEventArgs.lua" type="client" />
  <script src="Slipe/Core/Lua/Compiled/Client/Source/SlipeClient/Peds/Events/OnWeaponSwitchEventArgs.lua" type="client" />
  <script src="Slipe/Core/Lua/Compiled/Client/Source/SlipeClient/Rendering/Events/OnHudRenderEventArgs.lua" type="client" />
  <script src="Slipe/Core/Lua/Compiled/Client/Source/SlipeClient/Rendering/Events/OnRenderEventArgs.lua" type="client" />
  <script src="Slipe/Core/Lua/Compiled/Client/Source/SlipeClient/Sounds/Events/OnBeatEventArgs.lua" type="client" />
  <script src="Slipe/Core/Lua/Compiled/Client/Source/SlipeClient/Sounds/Events/OnDownloadFinishedEventArgs.lua" type="client" />
  <script src="Slipe/Core/Lua/Compiled/Client/Source/SlipeClient/Sounds/Events/OnMetaChangedEventArgs.lua" type="client" />
  <script src="Slipe/Core/Lua/Compiled/Client/Source/SlipeClient/Sounds/Events/OnStartEventArgs.lua" type="client" />
  <script src="Slipe/Core/Lua/Compiled/Client/Source/SlipeClient/Sounds/Events/OnStopEventArgs.lua" type="client" />
  <script src="Slipe/Core/Lua/Compiled/Client/Source/SlipeClient/Sounds/Events/OnStreamEventArgs.lua" type="client" />
  <script src="Slipe/Core/Lua/Compiled/Client/Source/SlipeClient/Vehicles/Events/OnAttachEventArgs.lua" type="client" />
  <script src="Slipe/Core/Lua/Compiled/Client/Source/SlipeClient/Vehicles/Events/OnCollisionEventArgs.lua" type="client" />
  <script src="Slipe/Core/Lua/Compiled/Client/Source/SlipeClient/Vehicles/Events/OnDamageEventArgs.lua" type="client" />
  <script src="Slipe/Core/Lua/Compiled/Client/Source/SlipeClient/Vehicles/Events/OnDetachEventArgs.lua" type="client" />
  <script src="Slipe/Core/Lua/Compiled/Client/Source/SlipeClient/Vehicles/Events/OnEnterEventArgs.lua" type="client" />
  <script src="Slipe/Core/Lua/Compiled/Client/Source/SlipeClient/Vehicles/Events/OnExitEventArgs.lua" type="client" />
  <script src="Slipe/Core/Lua/Compiled/Client/Source/SlipeClient/Vehicles/Events/OnExplodeEventArgs.lua" type="client" />
  <script src="Slipe/Core/Lua/Compiled/Client/Source/SlipeClient/Vehicles/Events/OnNitroStateChangeEventArgs.lua" type="client" />
  <script src="Slipe/Core/Lua/Compiled/Client/Source/SlipeClient/Vehicles/Events/OnPedHitEventArgs.lua" type="client" />
  <script src="Slipe/Core/Lua/Compiled/Client/Source/SlipeClient/Vehicles/Events/OnRespawnEventArgs.lua" type="client" />
  <script src="Slipe/Core/Lua/Compiled/Client/Source/SlipeClient/Vehicles/Events/OnStartEnterEventArgs.lua" type="client" />
  <script src="Slipe/Core/Lua/Compiled/Client/Source/SlipeClient/Vehicles/Events/OnStartExitEventArgs.lua" type="client" />
  <script src="Slipe/Core/Lua/Compiled/Client/Source/SlipeClient/Weapons/Events/OnCreatedEventArgs.lua" type="client" />
  <script src="Slipe/Core/Lua/Compiled/Client/Source/SlipeClient/Weapons/Events/OnFireEventArgs.lua" type="client" />
  <script src="Slipe/Core/Lua/Compiled/Client/Source/SlipeShared/CollisionShapes/Events/OnHitEventArgs.lua" type="client" />
  <script src="Slipe/Core/Lua/Compiled/Client/Source/SlipeShared/CollisionShapes/Events/OnLeaveEventArgs.lua" type="client" />
  <script src="Slipe/Core/Lua/Compiled/Client/Source/SlipeShared/Elements/Events/OnClickedEventArgs.lua" type="client" />
  <script src="Slipe/Core/Lua/Compiled/Client/Source/SlipeShared/Elements/Events/OnCollisionShapeHitEventArgs.lua" type="client" />
  <script src="Slipe/Core/Lua/Compiled/Client/Source/SlipeShared/Elements/Events/OnCollisionShapeLeaveEventArgs.lua" type="client" />
  <script src="Slipe/Core/Lua/Compiled/Client/Source/SlipeShared/Elements/Events/OnDestroyEventArgs.lua" type="client" />
  <script src="Slipe/Core/Lua/Compiled/Client/Source/SlipeShared/Elements/Events/OnModelChangeEventArgs.lua" type="client" />
  <script src="Slipe/Core/Lua/Compiled/Client/Source/SlipeShared/Elements/Events/OnStartSyncEventArgs.lua" type="client" />
  <script src="Slipe/Core/Lua/Compiled/Client/Source/SlipeShared/Elements/Events/OnSteamInEventArgs.lua" type="client" />
  <script src="Slipe/Core/Lua/Compiled/Client/Source/SlipeShared/Elements/Events/OnSteamOutEventArgs.lua" type="client" />
  <script src="Slipe/Core/Lua/Compiled/Client/Source/SlipeShared/Elements/Events/OnStopSyncEventArgs.lua" type="client" />
  <script src="Slipe/Core/Lua/Compiled/Client/Source/SlipeShared/Markers/Events/OnHitEventArgs.lua" type="client" />
  <script src="Slipe/Core/Lua/Compiled/Client/Source/SlipeShared/Markers/Events/OnLeaveEventArgs.lua" type="client" />
  <script src="Slipe/Core/Lua/Compiled/Client/Source/SlipeShared/Pickups/Events/OnHitArgs.lua" type="client" />
  <script src="Slipe/Core/Lua/Compiled/Client/Source/SlipeShared/Pickups/Events/OnLeaveArgs.lua" type="client" />
  <script src="Dist/Server/Exports.lua" type="server" />
  <file src="Dist/Server/manifest.lua" />
  <script src="Dist/Server/Program.lua" type="server" />
  <script src="Dist/Server/m/dbManager.lua" type="server" />
  <script src="Dist/Server/m/mJob.lua" type="server" />
  <script src="Dist/Server/m/mPlayer.lua" type="server" />
  <script src="Dist/Server/m/mTeam.lua" type="server" />
  <script src="Dist/Server/misc/Checking.lua" type="server" />
  <script src="Dist/Server/misc/Commands.lua" type="server" />
  <script src="Dist/Server/misc/Utils.lua" type="server" />
  <script src="Dist/Server/v/Item.lua" type="server" />
  <script src="Dist/Server/v/vJob.lua" type="server" />
  <script src="Dist/Server/v/vPlayer.lua" type="server" />
  <script src="Dist/Server/v/vTeam.lua" type="server" />
  <script src="Dist/Server/wip/Handling.lua" type="server" />
  <script src="Dist/Server/wip/staffFeatures.lua" type="server" />
  <script src="Dist/Client/Exports.lua" type="client" />
  <file src="Dist/Client/manifest.lua" />
  <script src="Dist/Client/Program.lua" type="client" />
  <script src="Dist/projectPaths.lua" type="shared" />
  <script src="Slipe/Lua/Main/main.lua" type="shared" />
  <min_mta_version server="1.5.5-9.14370" client="1.5.5-9.14370" />
</meta>